Cidade,Nome da Base,Nome Verdadeiro,DDD,Plataforma
ABREU E LIMA,DTEL,Nome Informado,81,nce
AMARAJI,DTEL,Primavera ou escada,81,nce
AMEIXAS,DTEL,Nome Informado,81,nce
APOTI,DTEL,Nome Informado,81,nce
BELO JARDIM,DX2,N√£o importa,81,u31
BARRA DE GUABIRABA,DTEL,Nome Informado,81,nce
BEZERROS,DTEL,Nome Informado,81,unm
BOM CONSELHO,BOM CONSELHO,N√£o importa,87,u31
BONAN√áA,DTEL,VITORIA OU MORENO,81,nce
CABO DE SANTO AGOSTINHO,DTEL,N√£o importa,81,nce
CAPOEIRAS,DTEL,N√£o importa,87,nce
CAET√âS,H&A,N√£o importa,87,nce
CAMELA,LITORAL,N√£o importa,81,u31
CARPINA,DTEL,Nome Informado,81,nce
CH√É GRANDE,DTEL,Nome Informado,81,unm
COL√îNIA LEOPOLDINA,PALMARES,N√£o importa,82,nce
CUCAU,DTEL,Rio Formoso,81,nce
CUMARU,DTEL,Nome Informado,81,nce
ESCADA,DTEL,Primavera ou escada,81,unm
ENSEADAS,DTEL,N√£o importa,81,u31
FREXEIRAS,DTEL,"Amaraji, frexeiras ou escada",81,nce
GAMELEIRA,DTEL,Nome Informado,81,unm
GAIBU,DTEL,N√£o importa,81,u31
GARANHUNS,DTEL,N√ÉO FILTRE CIDADE,87,nce
IGARASSU,DTEL,Nome Informado,81,nce
IPOJUCA,LITORAL,N√£o importa,81,depende do serial ü§∑
JABOAT√ÉO,DTEL,Nome Informado,81,nce
JACU√çPE,PALMARES,N√£o importa,81,u31
JAPARATINGA,DTEL,Nome Informado,82,nce
JU√áARAL,DTEL,CABO OU VITORIA,81,nce
LAJEDO,DX2,N√£o importa,81,u31
MACEI√ì,BOM CONSELHO,N√£o importa,82,depende do serial ü§∑
MARAGOGI,DTEL,Nome Informado,82,nce
MASSAUASSU,DTEL,Escada,81,nce
MORENO,DTEL,Nome Informado,81,nce
PALMARES,PALMARES,N√£o importa,81,nce
PAULISTA,DTEL,Nome Informado,81,nce
PAULO AFONSO,H&A,N√£o importa,87,u31
PEROBA,DTEL,Maragogi,82,nce
PIXETE,S&L,N√£o importa,81,u31
POMBOS,DTEL,Nome Informado,81,nce
PORTO CALVO,DTEL,Nome Informado,81,nce
PORTO DE GALINHAS,LITORAL,N√£o importa,81,unm
PRIMAVERA,DTEL,Primavera ou escada,81,nce
RECIFE,VOICE/DTEL,N√£o importa,81,nce
RIACHO DAS ALMAS,DTEL,Nome Informado,81,nce
RIBEIR√ÉO,DTEL,Nome Informado,81,unm
RIO FORMOSO,DTEL,Nome Informado,81,nce
SAIR√â,DTEL,Nome Informado,81,unm
SANHAR√ì,DX2,N√£o importa,81,u31
SANTA CRUZ,DTEL,Nome Informado,81,u31
S√ÉO BENTO DO UNA,DX2,N√£o importa,81,u31
S√ÉO DOMINGOS,DTEL,Santa Cruz,81,u31
S√ÉO JOS√â DA COROA GRANDE,DTEL,Nome Informado,82,nce
S√ÉO LOUREN√áO DA MATA,S&L,N√£o importa,81,u31
SERRAMBI,LITORAL,N√£o importa,81,unm
SIRINHA√âM,DTEL,Nome Informado,81,nce
SUAPE,DTEL,N√£o importa,81,nce
TAMANDAR√â,DTEL,Nome Informado,81,nce
TOQUINHO,LITORAL,N√£o importa,81,unm
VIT√ìRIA,DTEL,Nome Informado,81,unm
PESQUEIRA,DX2,N√£o importa,81,nce